time;item;state;p0;p1;p2;p3;p4;p5;p6;p7;p8;p9;p10;p11;p12;p13;p14;p15
1777805215.1948152;muumi_cup_arabia;empty;0;0;0;0;0;0;10;37;0;0;352;1440;0;0;133;791
1777805228.2907484;muumi_cup_arabia;empty;0;0;0;0;0;83;0;0;0;1515;0;51;0;941;0;263
1777805238.4102068;muumi_cup_arabia;empty;0;0;0;0;0;125;5;0;0;418;94;0;0;807;1053;0
1777805244.949781;muumi_cup_arabia;empty;0;0;0;0;83;17;0;0;937;171;0;0;1149;439;0;0
1777805252.5038285;muumi_cup_arabia;empty;0;0;0;0;0;0;0;0;1141;608;0;0;151;1807;0;0
1777805259.0896106;muumi_cup_arabia;empty;0;0;0;0;0;0;0;0;1145;598;0;0;148;1816;0;0
1777805288.3159099;muumi_cup_arabia;empty;0;0;4;0;0;223;1065;581;0;220;197;59;0;96;733;1352
1777805295.3352194;muumi_cup_arabia;empty;0;0;0;0;0;0;1324;117;0;0;102;691;0;0;997;53
1777805300.902234;muumi_cup_arabia;empty;0;0;0;0;0;128;923;0;0;169;215;0;0;1691;900;0
1777805306.4110885;muumi_cup_arabia;empty;0;0;0;0;0;1567;105;0;0;267;1029;0;0;486;251;0
1777805311.9915178;muumi_cup_arabia;empty;0;0;0;0;45;1728;0;0;147;152;0;0;1408;29;0;0
1777805317.5328865;muumi_cup_arabia;empty;0;0;0;0;1076;92;0;0;176;683;0;0;1044;1329;0;0
1777805326.5835946;muumi_cup_arabia;empty;0;0;0;0;690;0;0;0;163;0;0;0;1241;0;0;0
1777805379.0340981;muumi_cup_arabia;empty;0;0;638;339;0;0;124;87;0;0;1144;986;0;0;2;0
1777805387.0677204;muumi_cup_arabia;empty;0;0;2;22;0;0;101;583;0;0;783;587;0;0;45;0
1777805401.6785216;muumi_cup_arabia;empty;0;0;21;0;0;0;794;0;0;0;1227;0;0;0;16;0
1777805416.312997;muumi_cup_arabia;empty;0;4;0;0;44;124;110;0;465;668;447;0;0;0;0;0
1777805430.4480696;muumi_cup_arabia;empty;0;0;0;0;82;91;0;0;992;819;0;0;0;0;0;0
1777805435.4868567;muumi_cup_arabia;empty;13;52;0;0;213;1044;0;0;582;551;0;0;9;0;0;0
1777805443.492886;muumi_cup_arabia;empty;880;0;0;0;225;0;0;0;0;0;0;0;0;0;0;0
1777805448.0842168;muumi_cup_arabia;empty;789;1355;0;0;152;233;0;0;0;0;0;0;0;0;0;0
1777805453.0962281;muumi_cup_arabia;empty;481;956;0;0;77;160;0;0;0;0;0;0;0;0;0;0
1777805460.641218;muumi_cup_arabia;empty;1064;237;0;0;557;469;0;0;0;0;0;0;0;0;0;0
1777805485.3462372;muumi_cup_arabia;empty;0;0;2037;0;0;0;233;0;0;0;0;0;0;0;0;0
1777805490.4223647;muumi_cup_arabia;empty;0;620;2035;0;0;133;325;0;0;0;0;0;0;0;0;0
1777805498.4746332;muumi_cup_arabia;empty;0;0;139;780;0;0;752;99;0;0;71;0;0;0;0;0
1777805509.0200348;muumi_cup_arabia;empty;0;0;98;119;0;0;494;1661;0;0;0;0;0;0;0;0
1777805559.4320047;muumi_cup_arabia;empty;0;0;72;161;0;0;921;1566;0;0;0;0;0;0;0;6
1777805593.7315116;muumi_cup_arabia;empty;0;0;0;224;0;0;0;1372;0;0;0;0;0;0;0;0
1777805602.7380655;muumi_cup_arabia;empty;0;0;154;90;0;0;1417;672;0;0;1;0;0;0;0;0
1777805607.787799;muumi_cup_arabia;empty;0;169;0;0;0;1205;0;0;0;0;0;0;0;0;0;0
1777805622.3910813;muumi_cup_arabia;empty;0;0;1106;0;0;0;544;0;0;0;0;0;0;0;0;0
1777805628.9746568;muumi_cup_arabia;empty;807;1056;0;77;621;1207;0;151;0;0;0;0;0;0;0;0
1777805637.5685627;muumi_cup_arabia;empty;0;48;1019;0;0;483;169;0;0;0;0;0;0;0;0;0
1777805643.5804892;muumi_cup_arabia;empty;0;0;25;0;0;176;1563;0;0;557;520;0;0;71;6;0
1777805652.1735349;muumi_cup_arabia;empty;0;9;0;0;0;261;0;211;0;1445;0;48;0;43;0;0
1777805656.1953568;muumi_cup_arabia;empty;0;0;1024;281;0;0;192;307;0;0;755;1463;0;0;0;0
1777805666.2264187;muumi_cup_arabia;empty;0;0;933;1203;0;0;56;57;0;0;617;1165;0;0;0;0
1777805671.8004005;muumi_cup_arabia;empty;0;0;0;1594;0;0;0;773;0;0;0;0;0;0;0;0
1777805676.823945;muumi_cup_arabia;empty;0;0;0;0;0;0;40;97;0;0;387;1259;0;0;643;533
1777805682.87604;muumi_cup_arabia;empty;0;0;0;0;0;0;85;74;0;0;390;1263;0;0;243;965
1777805686.9057722;muumi_cup_arabia;empty;0;0;0;0;0;16;0;0;0;1180;429;0;0;1034;481;0
1777805689.9686854;muumi_cup_arabia;empty;0;9;16;0;0;99;34;0;0;652;1243;0;0;485;829;0
1777805693.4800398;muumi_cup_arabia;empty;0;16;0;0;0;0;0;0;746;1383;0;0;785;617;0;0
1777805697.9750216;muumi_cup_arabia;empty;3;16;0;0;0;0;0;0;453;1759;0;0;244;491;0;0
1777805706.0730014;muumi_cup_arabia;empty;0;0;0;0;0;13;16;0;0;916;1184;0;0;589;989;0
1777805741.316448;muumi_cup_arabia;empty;0;0;0;0;0;0;91;297;0;0;963;389;0;0;69;96
1777805757.966242;muumi_cup_arabia;empty;0;0;0;115;0;0;87;551;0;0;1075;635;0;0;0;10
1777805768.5644898;muumi_cup_arabia;empty;0;8;0;0;0;305;0;0;0;1591;0;0;0;91;0;0
1777805774.6314294;muumi_cup_arabia;empty;0;0;59;0;0;151;191;0;0;1299;613;0;0;69;101;0
1777805781.177909;muumi_cup_arabia;empty;0;0;0;0;0;0;1227;0;0;0;905;0;0;0;105;0
1777805788.1982336;muumi_cup_arabia;empty;3;0;0;0;784;255;0;0;1251;675;0;0;77;147;0;0
1777805792.7475994;muumi_cup_arabia;empty;29;83;0;0;169;269;0;0;997;1693;0;0;0;0;0;0
1777805816.4038954;muumi_cup_arabia;empty;2;0;0;0;64;0;0;0;1633;0;0;0;0;0;0;0
1777805821.4669278;muumi_cup_arabia;empty;91;4;0;0;1705;0;0;0;0;0;0;0;0;0;0;0
1777805825.4771357;muumi_cup_arabia;empty;751;120;0;0;142;1725;0;0;0;0;0;0;0;0;0;0
1777805834.5793355;muumi_cup_arabia;empty;0;0;1637;0;0;0;175;0;0;0;0;0;0;0;0;0
1777805840.0870748;muumi_cup_arabia;empty;0;495;0;235;0;1408;0;53;0;9;0;0;0;0;0;0
1777805848.1543953;muumi_cup_arabia;empty;0;0;171;409;0;0;1703;1131;0;0;0;0;0;0;0;0
1777805942.4245336;muumi_cup_arabia;empty;8;654;0;0;267;71;0;0;0;0;0;0;0;0;0;0
1777805959.5551398;muumi_cup_arabia;empty;638;301;0;0;1268;1699;0;0;0;0;0;0;0;0;0;0
1777805969.6216314;muumi_cup_arabia;empty;0;172;1099;0;0;1876;96;0;0;0;0;0;0;0;0;0
1777805976.688437;muumi_cup_arabia;empty;0;330;313;0;0;1437;1236;0;0;0;2;0;0;0;0;0
1777805980.6963625;muumi_cup_arabia;empty;0;1541;245;0;0;117;1133;0;0;0;0;0;0;0;0;0
1777806011.903876;muumi_cup_arabia;empty;0;0;213;941;0;0;1863;304;0;0;0;0;0;0;0;0
1777806027.0583804;muumi_cup_arabia;empty;0;0;222;139;0;0;1898;1516;0;0;16;9;0;0;0;0
1777806031.0910945;muumi_cup_arabia;empty;0;0;203;137;0;0;1896;1504;0;0;21;17;0;0;0;0
1777806086.490803;muumi_cup_arabia;empty;0;0;1484;230;0;0;212;149;0;0;261;1731;0;0;0;0
1777806101.627826;muumi_cup_arabia;empty;0;0;999;475;0;0;154;957;0;0;859;454;0;0;0;0
1777806105.1341505;muumi_cup_arabia;empty;0;0;647;9;0;0;151;376;0;0;1551;23;0;0;0;0
1777806112.1823556;muumi_cup_arabia;empty;0;8;1213;0;0;46;138;0;0;320;774;0;0;0;0;0
1777806142.9674306;muumi_cup_arabia;empty;0;393;203;0;0;235;1831;0;0;1561;167;0;0;0;0;0
1777806160.5948858;muumi_cup_arabia;empty;101;1124;0;0;203;269;0;0;1566;1059;0;0;0;0;0;0
1777806165.6125634;muumi_cup_arabia;empty;811;668;0;0;185;212;0;0;1105;1416;0;0;0;0;0;0
1777806171.1367989;muumi_cup_arabia;empty;544;59;0;0;235;243;0;0;1492;1509;0;0;0;0;0;0
1777806176.7013073;muumi_cup_arabia;empty;1;201;0;0;55;1593;0;0;1088;174;0;0;0;0;0;0
1777806196.8810353;muumi_cup_arabia;empty;0;0;0;0;0;0;97;395;0;0;201;166;0;0;1303;1288
1777806204.9379027;muumi_cup_arabia;empty;0;0;16;0;0;42;863;153;0;248;207;1471;0;69;306;665
1777806212.9607499;muumi_cup_arabia;empty;0;0;0;0;0;35;7;31;0;153;97;302;0;828;753;17
1777806219.0248969;muumi_cup_arabia;empty;0;0;0;0;0;120;2;0;0;307;72;0;0;1483;873;0
1777806222.5436003;muumi_cup_arabia;empty;0;0;0;0;0;8;24;0;0;95;186;0;0;593;1815;0
1777806229.0961037;muumi_cup_arabia;empty;0;0;0;0;0;22;64;0;0;96;1589;0;0;712;201;0
1777806238.6559334;muumi_cup_arabia;empty;0;0;0;0;83;149;0;0;807;539;0;0;1264;692;0;0
1777806243.749167;muumi_cup_arabia;empty;0;0;0;0;105;72;0;0;373;448;0;0;917;729;0;0
1777806296.5960608;muumi_cup_arabia;empty;0;0;0;359;0;0;67;252;0;0;915;46;0;0;9;0
1777806303.1641638;muumi_cup_arabia;empty;0;67;1465;0;0;170;219;0;0;1655;475;0;0;0;0;0
1777806309.7347927;muumi_cup_arabia;empty;0;39;35;0;0;154;171;0;0;1448;1681;0;0;0;0;0
1777806315.799308;muumi_cup_arabia;empty;0;27;0;0;0;190;215;0;0;791;6;0;0;0;0;0
1777806320.3300745;muumi_cup_arabia;empty;24;73;0;0;779;107;159;0;1237;10;405;0;0;0;0;0
1777806324.309754;muumi_cup_arabia;empty;8;40;0;0;83;213;0;0;1137;1863;0;0;0;0;0;0
1777806329.3951719;muumi_cup_arabia;empty;0;0;0;0;91;113;0;0;745;527;0;0;89;6;0;0
1777806337.981456;muumi_cup_arabia;empty;744;1888;0;0;171;281;0;0;0;0;0;0;0;0;0;0
1777806347.9958854;muumi_cup_arabia;empty;1576;184;0;0;209;1913;0;0;0;0;0;0;0;0;0;0
1777806352.5931325;muumi_cup_arabia;empty;0;0;301;0;0;0;1247;0;0;0;0;0;0;0;0;0
1777806357.588723;muumi_cup_arabia;empty;0;784;0;777;0;1147;0;90;0;0;0;0;0;0;0;0
1777806362.1123822;muumi_cup_arabia;empty;0;0;0;1335;0;0;0;559;0;0;0;0;0;0;0;0
1777806366.6781762;muumi_cup_arabia;empty;0;0;120;90;0;0;1736;1324;0;0;0;0;0;0;0;0
1777806389.3684988;muumi_cup_arabia;empty;0;0;0;0;119;196;45;0;945;340;965;0;210;562;184;0
1777806392.8722742;muumi_cup_arabia;empty;0;0;0;0;134;61;0;0;653;179;0;0;93;2244;0;0
1777806397.419941;muumi_cup_arabia;empty;0;467;135;0;0;145;1888;0;0;643;161;0;0;0;0;0
1777806517.3637667;bowl;empty;0;0;0;0;0;0;1269;524;0;0;107;89;0;0;823;1367
1777806523.9024172;bowl;empty;0;0;0;0;0;117;1501;89;0;1353;190;476;0;216;448;171
1777806531.4671845;bowl;empty;0;0;0;0;0;198;1632;0;0;488;225;0;0;1209;369;0
1777806536.4914677;bowl;empty;0;0;0;0;0;0;9;0;0;49;157;0;0;485;1872;0
1777806541.0409117;bowl;empty;0;0;0;0;152;1168;120;2;766;336;1771;49;119;381;240;103
1777806545.5507636;bowl;empty;0;0;0;0;183;1504;0;0;1985;208;0;0;223;105;0;0
1777806550.6061606;bowl;empty;0;0;0;0;17;87;0;0;119;356;0;0;1898;977;0;0
1777806555.6388493;bowl;empty;0;0;0;0;211;149;0;0;556;1649;0;0;169;955;0;0
1777806582.8709655;bowl;empty;0;0;7;0;0;0;88;219;0;0;180;1788;0;0;1111;277
1777806588.9079394;bowl;empty;0;0;0;0;0;171;623;0;0;216;118;0;0;141;1451;0
1777806594.4565296;bowl;empty;0;0;0;0;0;649;1497;0;0;160;219;0;0;1497;67;0
1777806601.4616857;bowl;empty;0;0;0;0;0;208;88;0;0;435;987;0;0;1453;108;0
1777806606.99065;bowl;empty;0;0;0;0;448;712;0;0;25;161;0;0;9;1333;0;0
1777806611.0490577;bowl;empty;0;0;0;0;991;501;0;0;219;163;0;0;1185;1520;0;0
1777806616.0716562;bowl;empty;0;0;0;0;1227;112;0;0;259;800;0;0;728;1403;0;0
1777806621.1705303;bowl;empty;0;0;0;0;136;437;0;0;225;1152;0;0;1435;171;0;0
1777806626.1781497;bowl;empty;0;0;0;0;127;95;0;0;400;535;0;0;96;172;0;0
1777806630.6944368;bowl;empty;0;0;0;0;1047;71;0;0;1319;231;0;0;95;1530;0;0
1777806643.3009844;bowl;empty;0;0;0;0;263;56;48;0;2097;229;311;0;157;1959;51;0
1777806649.8480692;bowl;empty;0;0;7;0;0;141;718;0;0;377;1085;0;0;1403;81;0
1777806655.9153934;bowl;empty;0;0;0;0;0;84;1089;0;0;291;663;0;0;81;95;0
1777806678.0971994;bowl;empty;0;0;0;0;0;141;905;0;0;497;55;0;0;139;0;0
1777806683.1265316;bowl;empty;0;0;0;0;0;143;0;335;0;976;0;477;0;8;0;2
1777806688.6296225;bowl;empty;0;0;369;99;0;0;175;1759;0;0;1149;474;0;0;1;0
1777806727.48984;bowl;empty;0;0;12;219;0;0;101;1705;0;0;1611;139;0;0;0;0
1777806743.1012914;bowl;empty;0;721;1812;44;0;233;121;189;0;1557;55;70;0;0;0;0
1777806755.188816;bowl;empty;106;840;49;0;1245;221;512;0;79;1245;20;0;0;0;0;0
1777806758.7190764;bowl;empty;1389;920;0;0;101;99;0;0;53;1309;0;0;0;0;0;0
1777806761.757165;bowl;empty;751;763;0;0;146;108;0;0;1360;1400;0;0;0;0;0;0
1777806766.7855933;bowl;empty;1092;427;0;0;155;252;0;0;1389;791;0;0;0;0;0;0
1777806772.322079;bowl;empty;293;21;7;0;177;683;29;0;1564;45;26;0;0;0;0;0
1777806780.9069006;bowl;empty;629;1831;159;0;176;721;349;0;0;0;11;0;0;0;0;0
1777806797.5278103;bowl;empty;643;151;0;0;1171;1759;0;0;0;0;0;0;1;4;0;0
1777806887.719642;bowl;empty;0;44;876;13;0;568;211;135;0;0;557;11;0;0;0;0
1777806890.7169356;bowl;empty;0;1239;1609;0;0;209;203;0;0;1188;69;0;0;0;0;0
1777806893.787738;bowl;empty;93;1254;33;0;1432;197;352;0;96;649;37;0;0;0;0;0
1777806896.7673848;bowl;empty;285;867;0;0;155;224;0;0;2067;1435;0;0;0;0;0;0
1777806899.8150914;bowl;empty;818;313;0;0;178;171;0;0;1352;1820;0;0;0;0;0;0
1777806907.8454828;bowl;empty;0;0;0;0;841;230;0;0;55;651;0;0;1085;182;0;0
1777806911.8989718;bowl;empty;0;6;0;0;738;159;0;0;77;115;0;0;1371;1836;0;0
1777806921.9868894;bowl;empty;0;0;0;0;1571;1001;0;0;85;200;0;0;75;1141;0;0
1777806925.0131512;bowl;empty;0;0;0;0;224;633;100;0;1954;360;333;0;89;960;78;0
1777806928.0543451;bowl;empty;0;0;0;0;0;732;96;0;0;217;1353;0;0;1223;243;0
1777806932.0464923;bowl;empty;0;0;0;0;0;1045;1213;0;0;123;95;0;0;1238;1047;0
1777806938.6269538;bowl;empty;0;0;0;0;0;203;1257;0;0;1604;135;0;0;189;1133;0
1777806942.1005929;bowl;empty;0;0;0;0;0;0;936;209;0;0;199;1297;0;0;1318;179
1777806971.9001944;bowl;empty;0;0;1635;149;0;0;236;1523;0;0;365;796;0;0;0;0
1777806976.4217763;bowl;empty;0;101;1355;0;0;640;259;0;0;1436;564;0;0;0;2;0
1777806998.5364282;bowl;empty;0;104;1449;0;0;99;210;0;0;2014;687;0;0;0;0;0
1777807013.1795685;bowl;empty;0;908;39;0;0;352;663;0;0;96;1128;0;0;0;1;0
1777807028.2900617;bowl;empty;972;101;0;0;304;105;0;0;747;2140;0;0;0;0;0;0
1777807032.3299;bowl;empty;936;356;0;0;109;150;0;0;1165;1824;0;0;0;0;0;0
1777807035.8287055;bowl;empty;1755;869;0;0;137;203;0;0;67;1387;0;0;0;0;0;0
1777807039.8853374;bowl;empty;0;432;228;0;0;182;1880;0;0;1578;128;0;0;0;0;0
1777807044.419728;bowl;empty;0;1179;631;0;0;211;20;0;0;1012;22;0;0;0;0;0
1777807062.046019;bowl;empty;0;103;900;0;0;1131;181;0;0;45;455;0;0;0;0;0
1777807066.6241224;bowl;empty;0;0;899;1031;0;0;41;0;0;0;1225;939;0;0;0;0
1777807075.6905618;bowl;empty;0;0;0;0;0;0;1344;315;0;0;143;837;0;0;1098;239
1777807079.686049;bowl;empty;0;0;0;0;0;189;1245;87;0;1932;165;702;0;179;1024;26
1777807086.264721;bowl;empty;0;0;10;0;0;1137;1459;0;0;275;135;0;0;1011;908;0
1777807091.7845476;bowl;empty;0;0;0;0;0;829;83;0;0;256;1019;0;0;1308;369;0
1777807095.8498483;bowl;empty;0;0;0;0;270;1247;129;0;631;231;667;0;81;693;181;0
1777807101.349216;bowl;empty;0;0;0;0;229;1251;159;0;648;211;389;0;211;919;187;0
1777807106.9311342;bowl;empty;0;0;0;0;1499;509;161;0;144;229;339;0;109;1485;224;0
1777807117.9999814;bowl;empty;0;0;0;0;1149;152;8;0;206;137;2;0;903;1595;4;0
1777807123.5466847;bowl;empty;0;0;0;0;768;147;0;0;119;2201;0;0;1307;215;0;0
1777807166.8689327;bowl;empty;0;0;1231;28;0;0;352;1395;0;0;465;736;0;0;19;0
1777807172.4505455;bowl;empty;0;119;1971;0;0;135;141;0;0;2237;279;0;0;6;0;0
1777807179.9798422;bowl;empty;147;1243;96;0;136;337;1388;0;22;395;109;0;0;0;0;0
1777807185.0352068;bowl;empty;46;1069;0;0;133;151;0;0;1800;1259;0;0;0;0;0;0
1777807190.5939467;bowl;empty;264;55;0;0;181;195;0;0;1536;1932;0;0;0;0;0;0
1777807196.638239;bowl;empty;1249;179;0;0;161;1967;0;0;1091;128;0;0;0;0;0;0
1777807302.454016;bowl;empty;0;1523;39;0;0;195;104;0;0;393;1243;0;0;0;0;0
1777807307.0056875;bowl;empty;0;718;907;0;0;147;601;0;0;1687;69;0;0;0;0;0
1777807312.0442321;bowl;empty;108;479;152;0;1413;166;779;0;93;1520;74;0;0;0;0;0
1777807315.517376;bowl;empty;486;743;0;0;84;151;0;0;1548;1275;0;0;0;0;0;0
1777807322.1123824;bowl;empty;1297;1267;0;0;157;157;0;0;996;1081;0;0;0;0;0;0
1777807328.6163177;bowl;empty;871;78;0;0;203;103;0;0;1272;2129;0;0;0;0;0;0
1777807398.176484;bowl;empty;0;0;0;0;1297;205;0;0;145;835;0;0;591;183;0;0
1777807404.2433176;bowl;empty;0;0;0;0;1365;974;0;0;82;245;0;0;99;1306;0;0
1777807417.2999728;bowl;empty;0;0;0;0;93;183;87;0;749;333;567;0;27;1617;91;0
1777807429.4066658;bowl;empty;0;0;0;0;0;1087;1638;0;0;328;147;0;0;1067;617;0
1777807440.5325975;bowl;empty;0;0;0;0;0;140;1354;9;0;1527;163;839;0;161;809;59
1777807444.5458431;bowl;empty;0;0;0;0;0;73;1669;133;0;448;125;2063;0;24;600;133
1777807448.5773652;bowl;empty;0;0;916;21;0;0;240;563;0;0;261;614;0;0;8;0
1777807519.6476119;bowl;empty;41;817;0;0;183;281;0;0;1896;458;0;0;0;0;0;0
1777807604.2986042;bowl;empty;0;0;0;0;0;204;304;0;0;501;1269;0;0;1120;188;0
1777807607.8354454;bowl;empty;0;0;0;0;261;45;16;0;1991;176;149;0;170;2100;6;0
1777807680.4200165;bowl;empty;0;53;6;0;0;657;58;680;0;63;1239;93;0;0;1;0
1777807685.4271488;bowl;empty;0;149;1517;0;0;97;131;0;0;2181;880;0;0;0;0;0
1777807689.4690711;bowl;empty;0;1257;58;0;0;211;149;0;0;367;1369;0;0;0;24;0
1777807694.4810412;bowl;empty;0;0;0;0;0;79;1195;87;0;213;1071;214;0;1931;96;155
1777807707.0898886;bowl;empty;0;0;0;0;89;949;212;0;1001;121;95;0;168;1175;243;0
1777807712.1648712;bowl;empty;829;115;0;0;162;95;0;0;1358;2169;0;0;0;0;0;0
1777807722.7347944;bowl;empty;851;1479;0;0;87;145;0;0;613;612;0;0;0;0;0;0
1777807730.2847974;bowl;empty;437;379;0;0;1365;224;0;0;91;1467;0;0;0;0;0;0
1777807767.5952837;bowl;empty;0;0;1;0;0;264;1457;0;0;506;1000;0;0;372;55;0
1777807772.6107879;bowl;empty;0;0;0;0;0;120;1403;0;0;223;832;0;0;1721;99;0
1777807802.376138;bowl;empty;0;0;0;0;0;183;1239;119;0;1677;237;365;0;504;662;103
1777807836.6174598;bowl;empty;0;0;0;0;0;259;1262;9;0;411;1015;43;0;1152;68;0
1777807990.340938;plate;empty;0;1265;10;86;0;160;4;499;0;95;29;317;0;592;544;189
1777808001.8738527;plate;empty;24;0;1044;0;59;0;81;33;908;2;77;120;169;52;1019;3
1777808007.4118843;plate;empty;1325;33;907;0;219;16;72;0;178;79;72;0;92;251;489;0
1777808011.9811914;plate;empty;1612;3;1221;0;109;3;61;0;121;83;16;0;80;856;2;0
1777808018.5281045;plate;empty;83;23;741;0;205;39;140;0;774;149;1161;0;237;1435;128;0
1777808055.7961938;plate;empty;59;51;848;0;68;101;455;0;159;228;29;0;99;1261;2;0
1777808063.8793876;plate;empty;699;52;420;0;85;57;116;0;45;203;1033;0;0;1061;164;0
1777808070.4591973;plate;empty;417;0;56;0;156;0;113;0;1529;0;1493;0;67;0;81;0
1777808074.4553075;plate;empty;0;26;0;119;0;110;25;1632;0;221;40;211;0;1650;886;152
1777808079.0250132;plate;empty;0;1303;6;48;0;185;6;61;0;67;8;1;0;491;411;190
1777808082.5620503;plate;empty;17;1239;53;26;104;61;91;151;1009;22;289;1896;59;0;443;116
1777808094.089316;plate;empty;0;1491;793;0;0;99;131;0;0;21;71;0;0;43;837;0
1777808101.6623306;plate;empty;765;600;28;0;137;61;25;0;175;105;111;0;1007;301;1240;0
1777808109.2301588;plate;empty;1016;1;0;393;112;0;0;228;344;47;0;166;63;409;0;63
1777808114.2566812;plate;empty;0;4;25;160;0;36;60;1676;0;90;109;462;0;907;1480;99
1777808400.0571365;plate;empty;3;1292;0;180;96;168;0;677;471;105;0;1206;42;186;0;121
1777808408.1022382;plate;empty;75;1076;1317;0;723;247;173;0;625;159;72;0;151;311;259;0
1777808417.7035007;plate;empty;48;1297;35;0;48;53;48;0;196;7;224;0;1373;0;1288;0
1777808422.7089608;plate;empty;424;400;0;274;171;45;0;223;136;101;0;37;1274;421;0;0
1777808428.748242;plate;empty;1276;0;1776;0;87;0;216;0;59;0;45;0;755;0;43;0
1777808431.7376325;plate;empty;1031;0;6;0;200;0;16;0;384;0;107;0;37;0;1458;0
1777808434.8024938;plate;empty;480;0;5;0;179;0;21;0;1215;31;108;0;104;156;1143;0
1777808586.4894702;plate;empty;73;1240;1117;0;518;175;71;101;1599;120;45;848;117;143;271;27
1777808592.049669;plate;empty;21;1460;745;25;115;184;97;217;1043;135;169;1072;51;141;457;28
1777808596.083068;plate;empty;621;0;1667;0;69;0;143;0;89;0;93;0;961;0;445;0
1777808606.1251712;plate;empty;338;51;24;161;816;147;71;2089;11;85;81;221;27;1387;938;59
1777808799.6508822;plate;empty;0;845;0;241;0;64;0;421;0;117;0;1390;0;481;0;180
1777808803.1671937;plate;empty;35;0;523;150;145;0;46;82;891;0;97;2;237;0;1289;0
1777808828.3823378;plate;empty;1737;151;470;0;75;31;21;0;247;152;0;0;43;1437;0;0
1777808832.9116812;plate;empty;77;0;0;102;1222;0;22;128;473;0;113;536;105;37;1375;19
1777808841.9574847;plate;empty;464;112;859;0;173;117;137;0;597;461;844;0;109;1000;108;0
1777808877.2337055;plate;empty;49;16;2;87;653;57;23;1575;53;81;89;557;10;1210;1254;45
1777808886.8503127;plate;empty;103;28;0;61;1299;95;0;663;121;248;0;300;21;1397;0;76
1777808896.398746;plate;empty;829;151;88;0;219;213;151;0;505;680;1327;0;36;352;51;0
1777808944.8124533;plate;empty;40;1;9;0;189;17;51;75;1529;60;110;0;83;304;1184;0
1777808950.310053;plate;empty;37;240;21;481;120;53;8;41;273;176;104;1152;69;1399;1055;167
1777808953.8483222;plate;empty;0;235;27;481;0;39;0;38;0;169;99;1203;0;1425;1042;181
1777808958.3775105;plate;empty;0;985;729;1043;0;163;56;50;0;241;35;48;0;942;254;787
1777808965.4264371;plate;empty;0;1617;0;128;0;142;16;1503;0;42;41;97;0;145;357;69
1777808973.5161529;plate;empty;93;0;0;56;1011;0;5;572;902;0;56;362;109;0;885;20
1777808980.0784829;plate;empty;24;18;847;0;89;26;125;0;530;35;142;0;117;33;1000;0
1777808991.1548362;plate;empty;1175;0;1613;0;203;0;185;0;61;0;66;0;313;0;355;0
1777808994.188341;plate;empty;1166;0;1568;0;215;0;195;0;44;0;57;0;286;0;402;0
1777809024.916123;plate;empty;24;80;1334;0;61;55;197;0;172;253;715;0;64;1208;145;0
1777809043.5423977;plate;empty;81;1367;643;0;552;138;76;43;1723;53;101;406;133;7;500;2
1777809052.1226265;plate;empty;9;1338;0;141;107;105;0;267;717;60;0;1871;69;15;0;99
1777809056.6519842;plate;empty;0;89;73;1595;0;80;29;33;0;480;330;361;0;1145;1008;27
1777809071.7901962;plate;empty;0;1028;0;1671;0;115;0;40;0;121;0;3;0;1094;0;73
1777809082.857609;plate;empty;43;57;17;146;681;163;60;1938;6;165;136;396;0;1203;1159;38
1777809092.9418821;plate;empty;791;99;0;55;187;101;0;421;1344;505;0;116;83;789;0;0
1777809101.515074;plate;empty;758;33;379;0;235;33;16;0;1227;167;4;0;135;1035;0;0
1777809107.0775712;plate;empty;731;43;1559;0;210;44;145;0;327;177;43;0;139;1145;3;0
1777809112.1052785;plate;empty;569;36;1244;0;208;89;483;0;273;184;41;0;76;919;0;0
1777809123.685613;plate;empty;647;39;0;0;248;78;0;0;740;224;0;1;61;1201;0;0
1777809130.7479339;plate;empty;0;120;24;880;0;131;1;49;0;352;92;1185;0;1027;747;125
1777809135.79113;plate;empty;0;400;0;168;0;83;0;1064;0;188;0;1067;0;1027;0;96
1777809143.868061;plate;empty;30;102;503;0;128;0;51;39;1664;0;76;101;121;0;992;2
1777809155.4418662;plate;empty;807;0;1781;0;153;0;215;0;163;0;28;0;736;0;21;0
1777809202.296208;plate;empty;0;319;9;110;0;55;11;1315;0;151;83;776;0;1093;1205;61
1777809212.875667;plate;empty;956;0;1621;0;203;0;157;0;88;0;92;0;865;0;598;0
1777809219.4274132;plate;empty;445;86;231;0;189;167;48;0;247;372;0;0;939;852;0;0
1777809236.578822;plate;empty;48;4;5;43;215;33;37;621;995;107;177;228;136;519;1401;8
1777809240.100976;plate;empty;0;160;8;133;0;45;22;170;0;145;112;1880;0;1633;968;123
1777809246.1726573;plate;empty;0;275;144;1417;0;68;58;48;0;237;293;504;0;929;1031;87
1777809263.3005784;plate;empty;38;16;0;0;237;61;3;0;1235;175;77;0;97;1023;1248;0
1777809270.839679;plate;empty;61;0;1160;0;173;0;95;0;843;0;72;0;262;135;873;0
1777809292.0250134;plate;empty;39;0;685;100;168;0;97;748;1747;0;139;33;120;0;1085;0
1777809304.1136823;plate;empty;25;8;985;0;85;5;75;0;1019;72;97;0;177;442;1113;0
1777809315.1813345;plate;empty;0;177;51;139;0;110;131;1687;0;162;160;379;0;1453;824;101
1777809320.2497692;plate;empty;447;24;401;0;657;57;131;0;503;259;1495;0;71;1413;95;0
1777809332.3345017;plate;empty;83;0;4;0;1329;63;56;190;80;56;115;544;43;295;1350;16
1777809342.9026246;plate;empty;1197;101;0;36;201;201;0;463;39;488;0;84;0;777;0;0
1777809359.0525107;plate;empty;0;356;1271;163;0;174;154;747;0;85;8;71;0;259;25;1077
1777809363.5716422;plate;empty;17;107;33;134;485;283;109;1923;0;225;165;357;0;761;1271;22
1777809369.6122162;plate;empty;1495;187;1121;0;150;38;96;0;358;179;46;0;51;1079;18;0
1777809391.305358;plate;empty;61;3;611;121;167;8;77;751;1975;81;126;356;135;438;1091;89
1777809448.7598124;plate;empty;1157;59;0;28;203;141;0;483;17;403;0;77;0;1043;0;0
1777809480.9889908;plate;empty;779;41;0;43;179;63;0;515;1005;315;0;15;28;951;0;0
1777809492.5851033;plate;empty;0;16;23;128;0;80;97;843;0;254;211;952;0;1646;1071;177
1777809542.9900196;plate;empty;0;174;29;691;0;118;6;21;0;370;79;1611;0;885;355;112
1777809583.8167133;plate;empty;92;75;4;0;1243;263;47;69;33;136;89;379;51;548;944;9
1777809590.341759;plate;empty;0;137;80;1676;0;113;28;37;0;504;219;252;0;915;1167;61
1777809602.4478462;plate;empty;88;33;1233;0;222;43;155;0;945;189;668;0;215;1405;86;0
1777809606.4843106;plate;empty;97;25;1229;0;213;39;161;0;976;181;693;0;215;1450;99;0
1777809611.00438;plate;empty;1244;18;1223;0;178;24;101;0;211;92;12;0;101;1043;9;0
1777809615.040484;plate;empty;37;73;0;18;162;139;0;111;1192;395;0;158;39;777;0;35
1777809628.1730063;plate;empty;0;87;0;115;0;209;0;1064;0;355;0;512;0;1019;0;147
1777809633.694506;plate;empty;81;1171;594;0;992;115;98;51;864;33;92;371;151;9;439;12
1777809654.883261;plate;empty;882;0;363;0;192;0;59;0;431;0;105;0;127;0;1312;0
1777809677.5692408;plate;empty;24;0;1069;0;60;0;142;0;487;0;128;0;39;0;940;0
1777809694.1971135;plate;empty;0;636;0;115;0;98;0;877;0;136;0;1112;0;656;0;128
1777809698.2167182;plate;empty;17;20;717;0;56;0;31;0;1433;67;99;0;152;520;1309;0
1777809702.2402234;plate;empty;835;12;1831;0;63;16;209;0;41;43;47;0;809;427;43;0
1777809711.3221714;plate;empty;221;69;1273;0;33;85;208;0;79;269;863;0;1008;1079;85;0
1777809719.8875725;plate;empty;0;0;1105;0;0;0;163;0;0;0;139;0;0;0;950;0
1777809724.4132218;plate;empty;25;0;703;67;96;0;108;219;396;0;172;69;69;0;1059;19
1777809729.964138;plate;empty;37;0;1221;0;18;0;119;0;83;0;111;0;829;0;753;0
1777809736.006248;plate;empty;52;1065;21;0;447;233;69;72;1719;106;281;637;111;6;364;8
1777809739.5537655;plate;empty;94;0;2;26;1107;0;16;417;891;0;96;591;117;0;1287;25
1777809744.052652;plate;empty;560;57;1187;0;109;73;120;0;117;195;248;0;83;1017;57;0
1777809939.1165268;coke_0.33l;full;0;1;0;0;0;0;0;0;0;179;1709;1168;0;60;288;979
1777809944.6347713;coke_0.33l;full;0;0;0;0;0;0;0;0;0;0;108;1933;0;0;2008;145
1777809949.1733203;coke_0.33l;full;0;0;0;0;0;0;0;0;0;0;327;0;0;0;1754;0
1777809955.2491689;coke_0.33l;full;0;0;0;0;0;0;0;0;0;0;265;0;0;11;1481;0
1777809958.769091;coke_0.33l;full;0;0;0;0;0;15;0;0;0;1047;736;165;0;1478;1314;353
1777809962.8093767;coke_0.33l;full;0;0;0;0;0;4;0;0;0;1287;1039;0;0;1133;272;0
1777809968.3229568;coke_0.33l;full;0;0;0;0;0;0;0;0;0;1155;288;0;0;761;105;0
1777809972.8896296;coke_0.33l;full;0;0;0;0;0;1;0;0;0;1354;24;0;0;631;18;0
1777809991.040631;coke_0.33l;full;0;0;0;0;29;28;22;0;1249;1086;223;0;1143;1443;348;0
1777809994.047332;coke_0.33l;full;0;0;0;0;18;0;0;0;1242;21;0;0;881;247;0;0
1777809998.5745006;coke_0.33l;full;0;0;0;0;0;0;0;0;928;128;12;0;931;597;63;0
1777810004.648604;coke_0.33l;full;0;0;0;0;0;0;0;0;651;123;0;0;1083;35;0;0
1777810035.3679626;coke_0.33l;full;0;0;0;0;39;24;0;0;1274;1341;0;0;849;621;0;0
1777810042.9400299;coke_0.33l;full;0;0;0;0;0;0;0;0;807;0;0;0;1152;0;0;0
1777810062.0800593;coke_0.33l;full;0;0;0;0;189;0;0;0;2117;0;0;0;0;0;0;0
1777810068.6203952;coke_0.33l;full;0;0;0;0;199;0;0;0;1891;0;0;0;0;0;0;0
1777810073.680915;coke_0.33l;full;3;8;0;0;1376;1125;0;0;527;1168;0;0;0;0;0;0
1777810079.7056267;coke_0.33l;full;0;0;0;0;0;203;72;0;0;2115;273;0;0;0;0;0
1777810114.992424;coke_0.33l;full;0;0;0;0;0;1375;57;0;0;751;457;0;0;0;0;0
1777810118.005588;coke_0.33l;full;0;0;0;0;0;1133;189;0;0;1379;1773;0;0;0;0;0
1777810123.5552838;coke_0.33l;full;0;0;0;0;0;101;1301;0;0;603;1299;0;0;0;0;0
1777810127.598045;coke_0.33l;full;0;0;0;0;0;0;843;0;0;0;1024;0;0;0;0;0
1777810131.1204817;coke_0.33l;full;0;0;0;0;0;0;789;0;0;0;1579;48;0;0;0;0
1777810136.677454;coke_0.33l;full;0;0;0;0;0;0;985;1503;0;0;1155;759;0;0;0;0
1777810139.7016358;coke_0.33l;full;0;0;33;11;0;0;1783;185;0;0;105;1287;0;0;0;0
1777810144.7512236;coke_0.33l;full;0;0;549;91;0;0;554;1756;0;0;401;87;0;0;0;0
1777810148.256669;coke_0.33l;full;0;0;336;0;107;0;543;0;59;0;1086;0;0;0;0;0
1777810160.348081;coke_0.33l;full;0;0;333;0;0;0;248;0;0;0;1168;0;0;0;0;0
1777810164.8803422;coke_0.33l;full;0;1;0;0;0;1697;1457;0;0;360;140;0;0;0;0;0
1777810169.9495242;coke_0.33l;full;0;0;0;0;0;377;1363;0;0;1831;72;0;0;0;0;0
1777810175.4620361;coke_0.33l;full;0;8;0;0;0;293;0;0;0;1835;0;0;0;0;0;0
1777810180.5165555;coke_0.33l;full;8;18;0;0;318;415;0;0;26;1702;0;0;0;0;0;0
1777810184.023915;coke_0.33l;full;0;0;0;0;204;1567;0;0;1768;204;0;0;0;0;0;0
1777810187.0578475;coke_0.33l;full;70;0;0;0;347;0;0;0;1744;0;0;0;0;0;0;0
1777810215.2865064;coke_0.33l;full;792;0;0;0;1329;0;0;0;0;0;0;0;0;0;0;0
1777810224.8512332;coke_0.33l;full;443;661;0;0;1387;65;0;0;0;0;0;0;0;0;0;0
1777810238.9625707;coke_0.33l;full;0;1600;0;0;0;839;0;0;0;0;0;0;0;0;0;0
1777810244.0135174;coke_0.33l;full;0;1265;0;0;0;524;160;0;0;0;0;0;0;0;0;0
1777810265.695835;coke_0.33l;full;0;0;969;1387;0;0;1047;988;0;0;0;0;0;0;0;0
1777810275.2670822;coke_0.33l;full;0;0;360;100;0;0;697;963;0;0;0;0;0;0;0;0
1777810316.0932722;coke_0.33l;full;0;0;0;0;1;19;0;0;689;185;0;0;1239;60;0;0
1777810319.6259568;coke_0.33l;full;0;0;0;0;0;1;0;0;1323;1351;0;0;288;1130;0;0
1777810327.156594;coke_0.33l;full;0;0;0;0;0;11;0;0;0;887;517;0;0;773;103;0
1777810331.7198107;coke_0.33l;full;0;0;0;0;0;27;45;0;0;725;407;0;0;115;1252;0
1777810335.7277713;coke_0.33l;full;0;0;0;0;0;0;2;0;0;0;320;377;0;0;1742;500
1777810341.2745407;coke_0.33l;full;0;0;0;0;0;0;37;133;0;0;1755;807;0;0;149;216
1777810361.9506633;coke_0.33l;full;0;0;0;0;0;74;3;0;0;464;417;0;0;151;1543;0
1777810366.980618;coke_0.33l;full;0;0;0;0;0;149;61;0;0;1231;811;0;0;85;174;0
1777810370.5152378;coke_0.33l;full;0;0;0;0;0;203;110;0;0;670;1799;0;0;72;160;0
1777810379.0779042;coke_0.33l;full;0;0;0;0;0;30;22;0;0;684;731;0;0;1205;96;0
1777810387.6620483;coke_0.33l;full;0;0;0;0;15;11;0;0;476;273;0;0;53;1939;0;0
1777810390.686087;coke_0.33l;full;0;0;0;0;150;138;0;0;2040;1644;0;0;99;77;0;0
1777810399.7534323;coke_0.33l;full;0;0;0;0;1399;0;0;0;911;0;0;0;4;0;0;0
1777810405.7812703;coke_0.33l;full;0;0;0;0;739;1159;0;0;1512;1174;0;0;0;0;0;0
1777810410.847495;coke_0.33l;full;0;8;0;0;0;1183;0;0;0;1305;0;0;0;0;0;0
1777810422.922307;coke_0.33l;full;0;0;0;0;0;200;543;0;0;1401;33;0;0;0;0;0
1777810429.4704494;coke_0.33l;full;0;0;0;0;0;96;415;0;0;172;1811;0;0;0;0;0
1777810433.0020797;coke_0.33l;full;0;0;0;0;0;0;578;709;0;0;1805;242;0;0;0;0
1777810436.034982;coke_0.33l;full;0;0;0;0;0;0;1121;1159;0;0;890;1312;0;0;0;0
1777810439.539767;coke_0.33l;full;0;0;680;1303;0;0;1761;1091;0;0;10;0;0;0;0;0
1777810442.5701473;coke_0.33l;full;0;0;1305;133;0;0;608;1503;0;0;4;0;0;0;0;0
1777810450.153811;coke_0.33l;full;85;0;845;0;207;0;960;0;22;0;0;0;0;0;0;0
1777810455.201321;coke_0.33l;full;0;0;1315;0;0;0;927;0;0;0;0;0;0;0;0;0
1777810461.7395928;coke_0.33l;full;0;1753;15;0;0;276;176;0;0;0;0;0;0;0;0;0
1777810483.3909595;coke_0.33l;full;23;1259;0;0;126;348;0;0;0;89;0;0;0;0;0;0
1777810489.9658568;coke_0.33l;full;97;1503;0;0;1408;389;0;0;0;0;0;0;0;0;0;0
1777810493.967875;coke_0.33l;full;1478;0;0;0;481;0;0;0;0;0;0;0;0;0;0;0
1777810500.5455618;coke_0.33l;full;22;38;0;0;212;805;0;0;857;43;0;0;0;0;0;0
1777810504.0595665;coke_0.33l;full;0;33;0;0;569;2145;0;0;1421;188;0;0;0;0;0;0
1777810509.6282737;coke_0.33l;full;1;0;0;0;1827;407;0;0;101;1495;0;0;0;0;0;0
1777810525.7307973;coke_0.33l;full;0;0;0;0;0;229;157;0;0;2066;0;0;0;0;0;0
1777810528.7674975;coke_0.33l;full;0;0;0;0;0;1521;1516;0;0;925;795;0;0;0;0;0
1777810531.7707176;coke_0.33l;full;0;0;0;0;0;0;547;0;0;0;1269;0;0;0;0;0
1777810534.3047426;coke_0.33l;full;0;0;0;0;0;0;696;992;0;0;1710;89;0;0;0;0
1777810538.3320827;coke_0.33l;full;0;0;0;0;0;0;911;1351;0;0;1069;1083;0;0;0;0
1777810554.9486194;coke_0.33l;full;0;0;1385;804;0;0;895;1404;0;0;0;0;0;0;0;0
1777810563.015845;coke_0.33l;full;0;0;1431;0;0;0;572;0;0;0;16;0;0;0;0;0
1777810567.0775063;coke_0.33l;full;0;974;333;0;0;1351;1625;0;0;26;0;0;0;0;0;0
1777810572.1000137;coke_0.33l;full;0;1924;0;0;0;184;0;0;0;0;0;0;0;0;0;0
1777810575.6307757;coke_0.33l;full;100;927;0;0;1612;290;0;0;0;0;0;0;0;0;0;0
1777810586.7095966;coke_0.33l;full;1433;0;0;0;437;0;0;0;56;0;0;0;0;0;0;0
1777810592.2529953;coke_0.33l;full;0;3;0;0;195;1123;0;0;1559;93;0;0;0;0;0;0
1777810595.2905433;coke_0.33l;full;0;0;0;0;0;355;0;0;0;1786;0;0;0;0;0;0
1777810597.793688;coke_0.33l;full;0;0;0;0;0;368;106;0;0;1697;403;0;0;0;0;0
1777810601.8269417;coke_0.33l;full;0;0;0;0;0;25;1424;0;0;215;871;0;0;0;0;0
1777810605.3518991;coke_0.33l;full;0;0;0;0;0;0;688;0;0;0;1677;0;0;0;0;0
1777810607.8852973;coke_0.33l;full;0;0;16;0;0;0;1804;1034;0;0;180;1176;0;0;0;0
1777810633.590198;coke_0.33l;full;0;0;0;0;0;0;0;24;0;0;105;1270;0;0;1691;451
1777810639.142251;coke_0.33l;full;0;4;0;0;0;10;0;0;0;283;285;0;0;43;1420;0
1777810643.6768126;coke_0.33l;full;0;0;0;6;0;0;0;19;0;1121;152;488;0;138;1868;168
1777810646.7088125;coke_0.33l;full;0;0;0;0;0;0;0;0;0;1536;744;0;0;711;1208;0
1777810649.7346666;coke_0.33l;full;0;0;0;0;0;0;1;0;0;950;991;0;0;1344;199;0
1777810652.7394106;coke_0.33l;full;0;0;0;0;4;2;0;0;225;1053;279;0;94;837;141;0
1777810655.279616;coke_0.33l;full;4;0;0;0;1;0;0;0;1866;973;169;0;338;1586;160;0
1777810657.7688208;coke_0.33l;full;0;0;0;0;42;1015;0;0;717;123;0;0;35;0;0;0
1777810661.3035104;coke_0.33l;full;0;0;0;0;0;1309;73;0;0;127;289;0;0;0;0;0
1777810665.3316298;coke_0.33l;full;0;0;0;0;0;765;0;0;0;1472;0;0;0;0;0;0
1777810667.8643663;coke_0.33l;full;0;0;0;0;0;131;1349;0;0;1163;921;0;0;10;24;0
1777810671.8997073;coke_0.33l;full;0;0;0;0;0;0;1683;0;0;0;691;0;0;0;0;0
1777810678.9412353;coke_0.33l;full;0;0;0;0;0;1770;1404;0;0;436;141;0;0;0;0;0
1777810744.977973;coke_1.5l;full;0;0;0;0;0;134;0;45;0;409;86;2480;0;461;1886;81
1777810753.5536222;coke_1.5l;full;0;0;0;0;0;96;0;24;0;2429;89;1349;0;161;809;24
1777810773.7006075;coke_1.5l;full;0;0;0;0;109;677;190;0;665;205;644;0;40;1632;73;0
1777810825.114049;coke_1.5l;full;0;1;0;0;1831;57;0;0;159;1365;0;0;363;847;0;0
1777810885.099461;coke_1.5l;full;1;93;0;0;145;2419;0;0;3349;183;0;0;0;0;0;0
1777810960.1855733;coke_1.5l;full;0;0;0;0;0;0;968;696;0;0;59;1555;0;0;433;62
1777811099.7762156;coke_1.5l;full;0;0;739;33;0;0;189;1681;0;133;607;56;0;0;0;0
1777811107.3395877;coke_1.5l;full;0;86;0;0;0;1418;156;0;0;1015;2121;0;0;0;0;0
1777811144.1396904;coke_1.5l;full;361;2013;90;0;2024;167;173;0;0;0;0;0;0;0;0;0
1777811171.8637092;coke_1.5l;full;0;0;0;0;0;119;731;0;0;711;725;0;0;1960;1211;0
1777811180.8959165;coke_1.5l;full;0;924;9;0;0;151;33;0;0;1689;345;0;0;0;0;0
1777811190.0038755;coke_1.5l;full;1;20;0;0;645;92;0;0;124;1302;0;0;1119;417;0;0
1777811195.0335827;coke_1.5l;full;0;0;0;0;62;140;34;0;1771;2331;203;0;749;151;108;0
1777811204.086044;coke_1.5l;full;0;0;0;0;117;8;4;0;2469;112;75;0;163;1277;272;0
1777811233.8201368;coke_1.5l;full;0;0;0;0;0;83;2171;31;0;1889;189;1517;0;286;11;33
1777811247.94837;coke_1.5l;full;0;57;104;0;0;681;960;0;0;1889;1069;0;0;0;0;0
1777811268.6067894;coke_1.5l;full;0;0;0;0;61;1635;0;84;652;99;0;57;60;869;0;193
1777811508.5026073;coke_1.5l;full;0;0;0;0;0;1640;118;504;0;88;1983;189;0;0;0;0
1777811513.0517285;coke_1.5l;full;0;37;6;0;0;328;2068;0;0;1980;471;0;0;0;0;0
1777811522.1248372;coke_1.5l;full;0;57;0;0;169;2123;0;0;2176;531;0;0;0;0;0;0
1777811535.2019634;coke_1.5l;full;1556;121;0;0;357;1514;0;0;652;24;0;0;0;0;0;0
1777811568.458901;coke_1.5l;full;0;1351;741;0;0;179;45;0;0;1128;21;0;0;0;0;0
1777811595.1791654;coke_1.5l;full;0;0;1392;2355;0;0;171;85;0;0;197;2;0;0;0;0
1777811602.746207;coke_1.5l;full;0;57;43;27;0;92;1139;1107;0;354;113;1319;0;92;2;80
1777811614.8361146;coke_1.5l;full;0;0;0;0;0;1039;2067;0;0;1401;232;0;0;135;12;0
1777811662.2137113;coke_1.5l;full;0;0;2089;64;0;0;153;1842;0;0;28;263;0;0;0;0
1777811665.7603595;coke_1.5l;full;0;10;91;0;0;210;1288;0;0;2409;766;0;0;0;0;0
1777811727.7310052;coke_1.5l;full;0;7;85;0;0;187;1995;0;0;2227;440;0;0;0;0;0
1777811733.779915;coke_1.5l;full;0;0;1953;0;0;0;147;212;0;0;313;0;0;0;0;0
1777811741.3302689;coke_1.5l;full;0;0;0;0;0;0;24;285;0;0;81;1569;0;0;120;352
1777811745.3895113;coke_1.5l;full;0;0;0;0;0;149;1616;0;0;1592;147;0;0;395;549;0
1777811750.4338472;coke_1.5l;full;0;0;0;0;21;1105;0;0;365;261;25;0;139;630;8;0
1777811753.4639301;coke_1.5l;full;0;0;0;0;8;97;0;35;167;2230;0;147;1833;301;0;51
1777811756.979331;coke_1.5l;full;0;0;0;0;0;91;0;0;79;1509;0;0;1797;268;0;0
1777811772.104479;coke_1.5l;full;0;16;0;0;0;0;0;0;0;2156;211;0;0;256;2300;0
1777811819.9789066;coke_1.5l;full;0;104;527;0;0;1483;84;0;0;95;275;0;0;0;0;0
1777811828.5274298;coke_1.5l;full;113;307;0;0;1494;179;0;0;71;2026;0;0;0;0;0;0
1777811851.7297826;coke_1.5l;full;969;2280;0;0;1242;179;0;0;92;9;0;0;0;0;0;0
1777811864.3155375;coke_1.5l;full;1004;2099;0;0;1246;203;0;0;0;0;0;0;0;0;0;0
1777811894.578122;coke_1.5l;full;0;0;109;2275;0;0;1991;265;0;0;0;2;0;0;0;0
1777811904.6443574;coke_1.5l;full;0;0;1605;1443;0;0;4;101;0;0;941;536;0;0;0;0
1777811908.6865523;coke_1.5l;full;0;0;280;21;0;0;224;691;0;0;1797;1943;0;0;0;0
1777811912.1915026;coke_1.5l;full;0;0;28;0;0;0;2221;745;0;0;183;1605;0;0;8;83
1777811915.7193475;coke_1.5l;full;0;0;0;0;0;121;22;199;0;319;901;860;0;87;17;1384
1777811918.7391534;coke_1.5l;full;0;0;0;0;0;160;26;210;0;359;1012;876;0;101;24;1401
1777811922.7654746;coke_1.5l;full;0;0;0;0;0;34;1723;38;0;176;229;359;0;445;779;1335
1777811927.3268547;coke_1.5l;full;0;0;0;0;0;123;0;0;0;2343;0;0;0;203;0;0
1777811930.8455775;coke_1.5l;full;0;0;0;0;0;25;13;0;0;203;103;0;0;2183;576;0
1777811942.4265385;coke_1.5l;full;0;0;0;0;24;2099;0;64;421;177;0;157;37;381;0;133
1777811953.0028532;coke_1.5l;full;0;0;0;0;104;4;0;0;2418;110;0;0;127;2127;0;0
1777811958.0611455;coke_1.5l;full;0;0;0;0;368;113;0;0;235;2227;0;0;1691;144;0;0
1777812014.495855;coke_1.5l;full;0;55;69;0;0;179;153;0;0;2417;199;0;0;0;0;0
1777812022.555547;coke_1.5l;full;0;157;2223;61;0;2423;199;380;0;89;69;325;0;0;0;0
1777812030.6250298;coke_1.5l;full;0;0;103;65;0;0;110;777;0;0;1358;192;0;0;0;0
1777812035.6905696;coke_1.5l;full;0;0;136;1283;0;0;1895;933;0;0;0;5;0;0;0;0
1777812070.44839;coke_1.5l;full;0;339;429;73;0;59;1167;285;0;0;27;185;0;0;0;0
1777812073.9883258;coke_1.5l;full;0;20;2427;87;0;120;147;179;0;1310;21;177;0;0;0;0
1777812088.0904512;coke_1.5l;full;1509;280;0;0;939;2165;0;0;16;75;0;0;0;0;0;0
1777812092.641679;coke_1.5l;full;1817;1595;0;0;114;118;0;0;89;973;0;0;0;0;0;0
1777812156.1292834;coke_1.5l;full;9;67;0;0;119;681;0;0;1688;1077;0;0;0;0;0;0
1777812169.2514627;coke_1.5l;full;0;75;1253;0;0;1171;221;0;0;101;976;0;0;0;0;0
1777812199.4554787;coke_1.5l;full;0;216;793;0;0;1780;133;0;0;93;427;0;0;0;0;0
1777812207.5250103;coke_1.5l;full;115;3;88;0;1487;93;2257;0;63;870;57;0;0;0;0;0
1777812235.2458856;coke_1.5l;full;0;0;0;0;73;1013;0;0;341;99;0;0;101;1572;0;0
1777812238.783594;coke_1.5l;full;0;0;88;24;0;0;564;1995;0;0;1523;345;0;0;0;0
1777812254.8993874;coke_1.5l;full;0;54;261;0;0;192;181;0;0;2359;1692;0;0;0;10;0
1777812297.2620227;coke_1.5l;full;0;0;3;0;0;201;1341;216;0;1200;397;747;0;1335;1108;171
1777812301.290906;coke_1.5l;full;78;53;138;0;821;652;1753;0;495;971;201;0;50;544;221;0
1777812309.3521;coke_1.5l;full;1;0;0;0;1005;567;330;85;297;1199;601;137;1136;811;310;155
1777812314.8942323;coke_1.5l;full;845;967;0;0;411;348;0;0;1051;523;0;0;232;25;0;0
1777812318.9203358;coke_1.5l;full;1298;1068;229;0;131;344;681;0;8;723;461;0;0;119;0;0
1777812329.0031114;coke_1.5l;full;285;1568;723;479;2;736;1551;153;0;207;231;0;0;16;6;0
1777812334.5215292;coke_1.5l;full;0;87;580;1773;0;198;1951;920;0;237;265;122;0;0;0;0
1777812338.5767493;coke_1.5l;full;0;0;1483;749;0;0;503;967;0;0;864;768;0;0;10;66
1777812342.6088367;coke_1.5l;full;0;0;0;0;0;281;1469;1631;0;489;585;729;0;189;752;225
1777812349.1393173;coke_1.5l;full;0;0;0;0;0;51;344;350;0;429;617;1099;0;616;1697;1084
1777812353.194792;coke_1.5l;full;0;0;0;0;0;179;299;233;0;1989;893;671;0;629;1303;203
1777812358.7166219;coke_1.5l;full;123;24;10;0;196;1625;407;0;1129;499;871;0;114;605;601;0
1777812364.792467;coke_1.5l;full;0;0;4;0;286;87;329;0;1756;984;640;0;672;1692;312;0
1777812369.8188846;coke_1.5l;full;9;4;0;0;1632;142;0;0;187;949;0;0;797;981;0;0
1777812376.862174;coke_1.5l;full;208;27;0;0;1353;245;45;0;119;1136;83;0;744;447;120;0
1777812418.2000546;coke_1.5l;full;1152;2355;0;0;1449;301;0;0;27;71;0;0;0;0;0;0
1777812428.2945943;coke_1.5l;full;132;1155;1713;0;733;374;682;0;44;561;275;0;0;0;1;0
1777812439.8904705;coke_1.5l;full;0;599;391;1319;0;288;1648;709;0;201;24;0;0;0;0;0
1777812445.4269998;coke_1.5l;full;0;0;903;182;0;0;747;1249;0;0;979;1131;0;0;0;0
1777812449.9636238;coke_1.5l;full;0;0;9;0;0;197;1397;137;0;636;527;1593;0;393;722;395
1777812453.9701815;coke_1.5l;full;0;0;3;0;0;150;407;0;0;1868;871;0;0;854;1388;0
1777812460.0468302;coke_1.5l;full;10;5;151;0;591;413;2185;0;61;1789;351;0;0;337;61;0
1777812466.0965152;coke_1.5l;full;16;938;235;0;288;182;1489;0;12;1309;527;0;0;0;0;0
1777812479.184406;coke_1.5l;full;5;0;37;0;703;126;156;0;1043;1133;251;0;812;1236;241;0
1777812488.2554026;coke_1.5l;full;1267;2224;121;0;1185;464;215;0;176;8;26;0;0;0;0;0
1777812492.7791088;coke_1.5l;full;53;2087;471;0;643;208;1263;0;53;538;156;0;0;0;0;0
1777812497.334743;coke_1.5l;full;0;203;251;0;0;544;1864;0;0;1981;435;0;0;10;8;0
1777812501.8520708;coke_1.5l;full;0;24;187;71;0;243;911;1988;0;556;1275;554;0;181;208;17
1777812506.3849912;coke_1.5l;full;0;0;0;0;0;0;1404;684;0;53;278;1039;0;0;1099;697
1777812656.595296;coke_1.5l;full;69;279;103;26;307;632;885;237;53;1250;745;880;0;189;104;785
1777812661.1449654;coke_1.5l;full;0;0;0;0;0;85;21;88;0;723;631;1223;0;861;1528;887
1777812664.1330252;coke_1.5l;full;0;0;203;935;4;0;1196;1107;0;0;237;627;0;0;0;0
1777812667.1717546;coke_1.5l;full;0;416;177;83;13;161;1238;303;432;1617;492;448;6;251;111;499
1777812671.20288;coke_1.5l;full;49;113;55;157;433;1506;135;267;1390;629;208;354;4;33;73;221
1777813429.7103837;muumi_cup_arabia;full;0;0;0;0;0;0;52;75;0;0;593;1015;0;0;1202;1383
1777813442.8250134;muumi_cup_arabia;full;0;0;0;0;0;21;0;0;0;1480;357;0;0;612;1283;0
1777813463.479444;muumi_cup_arabia;full;0;0;0;0;0;16;4;0;0;1165;597;0;0;1389;1207;0
1777813476.0948071;muumi_cup_arabia;full;0;0;0;0;0;123;31;0;0;477;1319;0;0;1207;601;0
1777813491.198953;muumi_cup_arabia;full;0;0;0;0;31;253;0;0;1823;787;127;0;672;938;357;0
1777813539.575802;muumi_cup_arabia;full;0;0;0;0;711;138;0;0;187;1952;0;0;1484;209;0;0
1777813544.1239684;muumi_cup_arabia;full;0;0;0;0;212;1431;0;0;1828;156;0;0;201;711;0;0
1777813569.8387136;muumi_cup_arabia;full;0;0;27;5;0;0;743;1831;0;0;940;550;0;0;139;61
1777813577.3751352;muumi_cup_arabia;full;0;77;149;0;0;721;308;0;0;1669;1017;0;0;33;48;0
1777813586.9783413;muumi_cup_arabia;full;0;625;147;0;0;219;1896;0;0;593;485;0;0;0;0;0
1777813596.5477746;muumi_cup_arabia;full;839;61;0;0;572;234;0;0;1256;1884;0;0;0;0;0;0
1777813602.08811;muumi_cup_arabia;full;26;44;0;0;364;672;0;0;1367;972;0;0;115;26;0;0
1777813616.692814;muumi_cup_arabia;full;590;2197;0;0;1574;309;0;0;0;0;0;0;0;0;0;0
1777813623.2582965;muumi_cup_arabia;full;695;568;0;0;1265;1615;0;0;0;0;0;0;0;0;0;0
1777813690.2632637;muumi_cup_arabia;full;0;457;1943;0;0;469;403;0;0;168;0;0;0;0;0;0
1777813699.858953;muumi_cup_arabia;full;0;697;190;0;0;1481;1481;0;0;0;19;0;0;0;0;0
1777813706.9235675;muumi_cup_arabia;full;0;213;277;605;0;57;1184;1368;0;8;231;151;0;0;0;0
1777813713.9855306;muumi_cup_arabia;full;0;168;271;1589;0;261;1505;280;0;27;97;4;0;0;0;0
1777813721.0135658;muumi_cup_arabia;full;0;54;713;1408;0;91;89;315;0;213;830;745;0;0;0;0
1777813724.5585916;muumi_cup_arabia;full;0;0;33;61;0;0;905;1031;0;0;1235;727;0;0;78;83
1777813728.564165;muumi_cup_arabia;full;0;35;955;6;0;1276;335;320;0;170;902;716;0;0;123;6
1777813739.1672258;muumi_cup_arabia;full;0;753;1569;0;0;179;113;0;0;1031;24;0;0;0;0;0
1777813743.69253;muumi_cup_arabia;full;0;1099;29;0;0;349;146;0;0;638;1444;0;0;20;5;0
1777813771.9079058;muumi_cup_arabia;full;480;1017;0;0;585;249;0;0;1312;1373;0;0;0;0;0;0
1777813782.4907975;muumi_cup_arabia;full;755;159;0;0;352;2057;0;0;1327;259;0;0;0;0;0;0
1777813787.5688756;muumi_cup_arabia;full;0;0;0;0;1003;88;0;0;469;1647;0;0;939;184;0;0
1777813812.2397454;muumi_cup_arabia;full;0;0;0;0;119;117;0;0;795;786;0;0;1388;1253;0;0
1777813819.8032038;muumi_cup_arabia;full;0;0;0;0;0;1472;118;0;131;219;1956;0;0;659;167;0
1777813828.8970602;muumi_cup_arabia;full;0;0;0;0;0;97;1103;59;0;1575;331;419;0;749;850;666
1777813834.4128578;muumi_cup_arabia;full;0;0;0;0;0;26;59;133;0;116;571;901;0;248;1093;1423
1777813868.202796;muumi_cup_arabia;full;0;0;0;40;0;0;462;491;0;0;1457;814;0;0;95;67
1777813893.389409;muumi_cup_arabia;full;0;31;343;0;0;719;760;0;0;1853;697;0;0;97;83;0
1777814033.5043802;muumi_cup_arabia;full;0;0;0;0;0;0;1249;1822;0;0;365;271;0;0;87;248
1777814040.541515;muumi_cup_arabia;full;0;39;238;0;89;715;451;0;2;1875;1004;0;0;26;45;0
1777814049.6148403;muumi_cup_arabia;full;0;0;107;0;0;127;1942;0;0;520;359;0;0;0;0;0
1777814066.75799;muumi_cup_arabia;full;0;13;71;3;0;202;600;128;0;965;1637;268;0;0;0;0
1777814113.122314;muumi_cup_arabia;full;26;129;17;0;199;1431;83;0;1952;381;254;0;0;0;0;0
1777814126.2501922;muumi_cup_arabia;full;0;0;3;0;87;56;91;0;532;1107;149;0;1158;1273;153;0
1777814153.4711583;muumi_cup_arabia;full;0;0;0;0;0;217;109;0;0;688;1311;0;0;869;919;0
1777814175.6389985;muumi_cup_arabia;full;0;0;0;0;0;4;37;71;0;57;656;1290;0;199;786;1129
1777814201.8404565;muumi_cup_arabia;full;0;0;99;147;0;0;747;1072;0;0;979;960;0;0;37;37
1777814221.9814038;muumi_cup_arabia;full;0;19;69;0;0;1024;717;0;0;1277;1061;0;0;104;155;0
1777814272.4071717;muumi_cup_arabia;full;64;73;0;0;701;1390;0;0;1131;1119;0;0;21;0;0;0
1777814326.841892;muumi_cup_arabia;full;0;83;1397;0;0;187;209;0;0;2143;969;0;0;0;0;0
1777814331.3493783;muumi_cup_arabia;full;0;1199;279;0;0;215;1861;0;0;1161;144;0;0;0;0;0
1777814335.9097226;muumi_cup_arabia;full;1039;1627;0;0;326;211;0;0;1248;351;0;0;0;0;0;0
1777814394.3687906;muumi_cup_arabia;full;0;0;271;81;0;0;645;235;0;0;1375;762;0;0;55;120
1777814399.4125376;muumi_cup_arabia;full;0;0;28;13;0;0;883;1263;0;0;997;717;0;0;119;13
1777814406.4433522;muumi_cup_arabia;full;0;5;59;0;0;204;725;0;0;1737;1430;0;0;73;80;0
1777814414.0240371;muumi_cup_arabia;full;0;916;135;0;0;229;2141;0;0;821;181;0;0;16;0;0
1777814460.3889794;muumi_cup_arabia;full;0;0;0;0;0;0;0;41;0;0;187;1175;0;0;1247;1333
1777814479.0471153;muumi_cup_arabia;full;0;0;0;0;0;73;1211;0;0;583;204;0;0;2023;610;0
1777814486.089407;muumi_cup_arabia;full;0;0;0;0;0;113;63;0;0;422;1427;0;0;921;725;0
1777814505.237361;muumi_cup_arabia;full;0;0;0;0;128;60;0;0;627;1582;0;0;819;1055;0;0
1777814526.4016874;muumi_cup_arabia;full;1;20;0;0;1072;811;0;0;741;1653;0;0;0;0;0;0
1777814536.976887;muumi_cup_arabia;full;4;5;0;0;164;112;0;0;2351;1207;0;0;0;0;0;0
1777814582.373279;muumi_cup_arabia;full;0;0;80;77;0;0;846;1781;0;0;457;461;0;0;69;48
1777814618.6423352;muumi_cup_arabia;full;0;29;99;0;0;175;655;0;0;1041;1365;0;0;49;22;0
1777814630.2297962;muumi_cup_arabia;full;35;40;0;0;175;212;0;0;1991;2065;0;0;0;0;0;0
1777814643.8636446;muumi_cup_arabia;full;768;2283;326;0;911;237;412;0;0;0;0;0;0;0;0;0
1777814649.9083135;muumi_cup_arabia;full;553;727;0;0;1598;1415;0;0;12;0;0;0;0;0;0;0
1777814706.8299649;muumi_cup_arabia;full;0;1517;183;0;0;136;2035;0;0;0;13;0;0;0;0;0
1777814711.3710442;muumi_cup_arabia;full;0;0;235;1469;0;0;1895;359;0;0;13;0;0;0;0;0
1777814718.9198627;muumi_cup_arabia;full;0;0;98;405;0;0;736;1851;0;0;24;57;0;0;0;0
1777814770.8566236;muumi_cup_arabia;full;0;29;164;0;0;176;1127;0;0;1935;613;0;0;0;0;0
1777814780.434159;muumi_cup_arabia;full;110;9;9;0;1494;137;108;0;100;1002;493;0;0;56;24;0
1777814789.480371;muumi_cup_arabia;full;1;45;0;0;138;968;0;0;1179;947;0;0;77;2;0;0
1777814800.0637312;muumi_cup_arabia;full;0;0;0;0;589;119;0;0;72;2071;0;0;1061;179;0;0
1777814885.2567444;muumi_cup_arabia;full;0;0;0;0;0;36;43;0;0;531;1299;0;0;855;745;0
1777814953.8188264;muumi_cup_arabia;full;0;0;0;0;0;661;151;0;0;347;1745;0;0;1477;207;0
1777814973.466532;muumi_cup_arabia;full;0;0;18;2;0;0;919;565;0;0;911;1576;0;0;52;103
1777814979.9962747;muumi_cup_arabia;full;0;35;71;0;0;1137;800;0;0;1223;855;0;0;0;13;0
1777815005.7168508;muumi_cup_arabia;full;0;3;156;0;0;98;2022;0;0;1183;197;0;0;0;0;0
1777815012.2504418;muumi_cup_arabia;full;49;599;23;0;184;254;93;0;2334;1644;279;0;0;0;0;0
1777815016.8145869;muumi_cup_arabia;full;664;80;0;0;164;1608;0;0;1580;453;0;0;1;0;0;0
1777815033.4233665;muumi_cup_arabia;full;337;1835;0;0;1759;207;0;0;0;0;0;0;0;0;0;0
1777815039.9815938;muumi_cup_arabia;full;584;86;0;0;973;1487;0;0;0;0;0;0;0;0;0;0
1777815106.0088675;muumi_cup_arabia;full;0;0;85;2209;0;0;992;219;0;0;0;0;0;0;0;0
1777815139.7620668;muumi_cup_arabia;full;0;0;0;0;147;149;0;0;725;808;0;0;1385;1005;0;0
1777815153.8985426;muumi_cup_arabia;full;923;151;0;0;205;2131;0;0;1191;105;22;0;0;0;0;0
1777815197.2161794;muumi_cup_arabia;full;0;0;287;73;0;85;135;1011;0;246;987;1137;0;62;23;17
1777815234.5115268;muumi_cup_arabia;full;0;1;0;0;983;117;0;0;105;2115;0;0;1131;175;0;0
1777815270.8246217;muumi_cup_arabia;full;0;763;889;0;0;168;199;0;0;1527;937;0;0;0;0;0
1777815276.3676;muumi_cup_arabia;full;0;0;1053;374;0;0;160;231;0;0;1375;1597;0;0;0;0
1777815282.3956585;muumi_cup_arabia;full;0;0;169;440;0;64;1792;1535;0;0;0;0;0;0;0;0
1777815299.064057;muumi_cup_arabia;full;331;2069;0;0;1763;311;0;0;0;0;0;0;0;0;0;0
1777815310.6250646;muumi_cup_arabia;full;0;431;373;0;0;170;1247;0;0;1839;184;0;0;0;0;0
1777815315.6877086;muumi_cup_arabia;full;0;984;1249;0;0;203;227;0;0;1485;863;0;0;0;0;0
1777815322.7465374;muumi_cup_arabia;full;0;24;30;0;0;1247;1066;0;0;725;635;0;0;146;77;0
1777815341.3658965;muumi_cup_arabia;full;488;140;0;0;192;983;0;0;1379;1377;0;0;2;0;0;0
1777815364.5762963;muumi_cup_arabia;full;0;840;113;0;0;252;2000;0;0;707;173;0;0;0;0;0
1777815399.3534877;muumi_cup_arabia;full;0;0;0;0;620;149;0;0;113;1727;0;0;1621;273;0;0
1777815405.3932154;muumi_cup_arabia;full;51;928;0;0;144;275;0;0;1867;1199;0;0;0;0;0;0
1777815444.7063751;muumi_cup_arabia;full;0;0;1363;83;0;0;264;485;0;0;763;1888;0;0;0;0
1777815474.9310932;muumi_cup_arabia;full;0;429;2160;0;0;1307;128;0;0;0;0;0;0;0;0;0
1777815510.2414057;muumi_cup_arabia;full;474;1777;106;0;1769;145;213;0;1;0;1;0;0;0;60;0
1777815538.4325864;muumi_cup_arabia;full;686;83;0;0;311;1745;0;0;1093;433;0;0;29;0;0;0
1777815587.3498507;muumi_cup_arabia;full;0;0;102;1050;0;0;86;279;0;0;2063;507;0;0;0;0
1777815595.9176192;muumi_cup_arabia;full;0;0;0;0;0;0;91;729;0;0;1496;179;0;0;173;1455
1777815694.1745634;muumi_cup_arabia;full;0;0;0;0;0;133;985;0;0;151;119;0;0;2173;863;0
1777815906.3781922;bowl;full;0;0;0;0;0;174;1193;105;0;2028;335;313;0;433;1107;569
1777815924.5221853;bowl;full;0;0;0;0;1336;186;0;0;309;344;0;0;969;2017;0;0
1777815963.3327858;bowl;full;460;778;176;0;377;185;1335;0;311;1408;67;0;131;0;0;0
1777815969.3742118;bowl;full;0;2147;226;587;0;231;950;969;0;0;71;33;0;0;2;0
1777816001.1329577;bowl;full;24;1280;199;0;440;171;2089;0;16;715;415;0;0;163;5;0
1777816005.651438;bowl;full;0;1291;193;0;233;176;2027;0;0;697;465;0;0;159;10;0
1777816013.6990283;bowl;full;0;0;0;0;0;203;1213;123;0;2183;339;624;0;363;1203;476
1777816017.740393;bowl;full;0;249;1056;67;0;1560;375;831;0;274;1056;728;0;0;0;0
1777816025.814573;bowl;full;229;697;146;1275;95;1131;901;454;6;185;87;256;0;0;0;0
1777816032.3651597;bowl;full;0;813;1897;35;0;343;587;160;0;1067;85;138;0;0;0;0
1777816039.4329782;bowl;full;2040;695;128;0;443;228;52;0;88;1807;116;0;0;0;0;0
1777816058.5682085;bowl;full;1783;1233;89;0;571;273;192;0;45;581;263;0;0;0;0;0
1777816080.7392855;bowl;full;0;0;0;0;1845;985;135;0;338;229;0;0;107;1320;0;0
1777816103.4209123;bowl;full;0;95;1234;8;0;888;471;200;0;1653;669;721;0;2;8;0
1777816136.6789434;bowl;full;0;27;1360;175;0;166;717;1667;0;728;377;854;0;53;39;16
1777816143.2635224;bowl;full;0;0;0;0;0;55;1193;103;0;965;144;2169;0;71;1331;303
1777816148.7795277;bowl;full;0;72;27;0;0;600;1741;0;0;167;573;0;0;1832;201;0
1777816155.3314538;bowl;full;29;9;0;0;950;1417;75;0;556;209;174;0;870;1107;395;0
1777816189.5991738;bowl;full;505;1207;0;0;296;169;0;0;1808;1267;0;0;0;3;0;0
1777816198.1691318;bowl;full;461;1093;1112;95;137;297;1523;384;3;247;87;269;0;0;0;0
1777816210.7724965;bowl;full;0;2229;123;1190;0;213;1043;441;0;4;31;0;0;0;0;0
1777816218.8340442;bowl;full;0;80;1045;369;0;674;199;481;0;51;1159;547;0;0;31;9
1777816223.8963463;bowl;full;0;0;0;0;0;53;1291;137;0;696;220;2151;0;39;1177;299
1777816227.4280896;bowl;full;0;9;0;0;0;1273;152;0;0;218;1988;0;0;947;215;0
1777816285.8711882;bowl;full;67;0;36;0;735;117;1336;0;103;361;986;0;0;1597;96;0
1777816291.4121583;bowl;full;1609;552;0;0;712;225;0;0;111;1848;0;0;0;0;0;0
1777816297.9672213;bowl;full;520;537;218;0;101;288;2031;0;24;1819;134;0;0;0;0;0
1777816333.7526803;bowl;full;0;1674;541;676;0;761;214;254;0;201;777;23;0;0;0;0
1777816339.311262;bowl;full;0;173;944;329;0;191;357;631;0;1619;1305;309;0;6;0;0
1777816342.83105;bowl;full;0;275;1111;83;0;1363;520;1418;0;481;811;419;0;4;40;0
1777816346.858496;bowl;full;0;4;16;36;0;152;371;1060;0;1478;1097;680;0;73;409;8
1777816350.4087448;bowl;full;0;3;8;0;0;199;720;503;0;2039;252;1070;0;140;1481;48
1777816376.0753329;bowl;full;0;8;17;0;0;919;1627;152;0;427;153;320;0;1433;823;63
1777816390.189469;bowl;full;75;16;0;0;164;1045;49;0;1984;291;814;0;237;1169;176;0
1777816395.227619;bowl;full;0;0;0;0;935;572;0;0;435;659;0;0;1166;1334;0;0
1777816426.493547;bowl;full;103;799;272;0;1426;192;153;0;337;1383;22;0;0;2;0;0
1777816448.161935;bowl;full;437;709;960;0;483;295;1095;0;92;1463;139;0;0;2;0;0
1777816451.6760647;bowl;full;1499;675;0;0;664;237;0;0;158;1705;0;0;0;0;0;0
1777816454.734275;bowl;full;0;1165;154;0;215;248;2343;0;0;1169;149;0;0;2;0;0
1777816459.2570481;bowl;full;219;1095;150;0;131;350;2288;0;8;585;192;0;0;43;0;0
1777816495.0225694;bowl;full;0;10;4;0;0;153;815;163;0;1107;127;494;0;609;1608;83
1777816505.129743;bowl;full;393;425;61;0;672;259;1523;0;85;933;551;0;0;467;21;0
1777816510.6807396;bowl;full;0;698;589;0;0;472;1808;0;0;1131;100;0;0;0;0;0
1777816541.9009;bowl;full;0;25;47;0;0;216;1424;135;0;1975;151;875;0;519;941;39
1777816549.969925;bowl;full;0;1393;165;0;0;309;2031;0;17;555;213;0;0;88;4;0
1777816591.8216424;bowl;full;0;765;133;0;0;291;2039;0;0;901;152;0;0;47;0;0
1777816659.3516004;bowl;full;0;6;13;0;0;187;1357;99;0;1721;155;499;0;677;1143;373
1777816665.3912702;bowl;full;0;0;41;0;0;135;1429;0;0;471;991;0;0;1397;83;0
1777816692.5994089;bowl;full;83;920;0;0;1359;279;21;0;600;1290;317;0;14;0;0;0
1777816697.1223207;bowl;full;0;669;189;0;0;224;1828;0;0;1671;281;0;0;6;3;0
1777816702.6706262;bowl;full;0;1112;97;0;101;274;800;0;336;1031;673;0;0;0;0;0
1777816730.4028094;bowl;full;0;0;0;0;0;167;860;0;0;495;1475;0;0;1429;119;0
1777816751.067401;bowl;full;0;0;9;0;0;725;1768;107;0;209;307;389;0;1444;103;336
1777816757.644855;bowl;full;0;25;0;1;0;800;0;256;0;1704;120;995;0;104;0;35
1777816760.6494892;bowl;full;0;221;1202;53;0;1202;417;773;0;1123;912;701;0;79;75;0
1777816763.6619418;bowl;full;0;411;520;171;0;1623;285;1052;0;379;1044;603;0;0;0;0
1777816772.255348;bowl;full;0;1559;88;97;0;609;797;921;0;204;203;312;0;0;0;0
1777816774.2692435;bowl;full;0;1143;1273;57;0;261;532;535;0;493;57;401;0;0;0;0
1777816777.2897224;bowl;full;0;907;853;67;0;271;1615;264;0;808;151;315;0;0;0;0
1777816779.7951653;bowl;full;549;547;465;25;713;238;825;128;55;1297;75;167;0;0;0;0
1777816782.8331096;bowl;full;1093;1097;121;101;1209;381;448;273;91;206;33;59;0;0;0;0
1777816827.6777864;bowl;full;1681;742;0;0;552;283;0;0;159;1357;0;0;0;0;0;0
1777816836.752577;bowl;full;0;1184;125;0;75;265;1395;0;349;1099;391;0;0;0;0;0
1777816840.2871954;bowl;full;0;0;0;0;0;26;153;0;0;173;1460;0;0;2412;164;0
1777816868.991005;bowl;full;0;3;281;6;0;161;985;168;0;1401;1321;379;0;6;8;16
1777816882.6350143;bowl;full;0;3;294;3;0;167;977;157;0;1427;1312;369;0;6;16;6
1777816895.1969194;bowl;full;0;73;260;8;0;1517;1208;286;0;654;411;916;0;199;97;56
1777816899.7398257;bowl;full;0;0;0;0;0;0;876;135;0;0;301;2063;0;0;1519;99
1777816920.426354;bowl;full;0;0;0;0;705;139;2;0;96;1703;56;0;1563;605;118;0
1777816924.9317935;bowl;full;0;0;0;0;1099;607;0;0;253;439;0;0;1077;1507;0;0
1777816928.4972172;bowl;full;0;0;0;0;191;1384;179;0;800;155;510;0;1039;1091;282;0
1777816932.012932;bowl;full;0;0;0;0;0;883;123;0;0;167;1915;0;0;1507;256;0
1777816935.0176206;bowl;full;0;0;0;0;0;107;1216;0;0;313;1265;0;0;2023;128;0
1777816988.4723322;bowl;full;0;1130;135;0;0;275;1624;0;0;1083;185;0;0;0;0;0
1777816993.485243;bowl;full;0;3;16;0;0;1389;1337;209;0;871;747;551;0;143;161;100
1777817005.5921614;bowl;full;1057;443;39;0;337;247;95;0;1193;1842;464;0;5;16;0;0
1777817041.3854876;bowl;full;889;1015;0;0;1440;273;0;0;245;116;0;0;0;0;0;0
1777817065.081269;bowl;full;0;1105;101;33;0;289;395;192;0;1079;1403;455;0;0;0;0
1777817070.1060138;bowl;full;0;852;90;0;0;331;1984;0;0;1209;316;0;0;0;0;0
1777817074.6445894;bowl;full;0;719;248;48;0;245;1660;263;0;1607;156;427;0;0;0;0
1777817112.4416318;bowl;full;1043;967;0;0;1291;391;0;0;301;433;0;0;0;0;0;0
1777817116.4835966;bowl;full;87;893;50;0;503;185;471;0;1283;1507;169;0;0;0;0;0
1777817150.7408848;bowl;full;0;0;60;6;0;148;736;203;0;1693;1163;551;0;145;155;64
1777817156.3108733;bowl;full;10;1056;49;0;312;275;599;0;391;875;615;0;23;57;27;0
1777817212.7552457;bowl;full;1463;1312;185;0;635;247;909;0;67;445;115;0;0;0;0;0
1777817219.793078;bowl;full;0;1056;919;24;117;235;1481;167;0;784;81;43;0;0;0;0
1777817223.8210633;bowl;full;0;1208;279;59;0;168;1553;409;0;1401;152;443;0;0;0;0
1777817229.8818233;bowl;full;26;1;60;0;45;473;1775;108;0;339;331;371;0;1547;117;371
1777817279.2614303;bowl;full;0;296;56;0;0;275;1867;111;0;355;173;231;0;1303;45;183
1777817290.8614376;bowl;full;4;0;0;0;683;92;83;0;1661;768;617;0;169;933;67;0
1777817338.7578773;bowl;full;4;1169;187;0;66;149;2027;0;259;1361;199;0;6;0;0;0
1777817343.2746062;bowl;full;0;801;1016;80;0;503;157;327;0;928;904;551;0;0;0;0
1777817346.3080664;bowl;full;0;16;0;7;0;646;116;1280;0;1984;756;707;0;91;155;9
1777817412.3344047;bowl;full;8;922;137;0;69;141;1952;0;395;1551;145;0;12;6;5;0
1777817424.4218516;bowl;full;0;0;1;0;0;46;1117;0;0;189;1331;0;0;2329;119;0
1777817429.4776824;bowl;full;0;416;1257;187;0;148;162;567;0;1267;1093;297;0;0;0;0
1777817433.4860592;bowl;full;0;1072;151;41;0;171;1746;319;0;1516;135;475;0;0;0;0
1777817487.4145398;bowl;full;1860;667;0;6;503;237;13;67;163;1519;45;51;0;16;0;0
1777817492.9500124;bowl;full;0;0;0;0;0;521;147;0;0;274;2199;0;0;1659;155;0
1777817497.010026;bowl;full;0;485;1685;98;0;224;185;753;0;1859;603;451;0;0;0;0
1777817502.031026;bowl;full;210;817;125;9;74;186;1889;175;0;25;392;496;0;0;9;8
1777818105.841381;plate;full;53;659;736;0;585;125;96;43;1584;199;145;320;157;571;1163;10
1777818112.3990395;plate;full;9;797;266;85;143;113;55;1346;957;134;137;1175;56;1254;1077;58
1777818117.9114506;plate;full;1;945;1007;96;91;192;227;1520;635;116;145;440;38;867;561;544
1777818123.4533968;plate;full;87;971;928;16;1077;192;231;565;1235;183;119;352;165;621;795;7
1777818140.1055462;plate;full;887;1227;61;0;285;167;429;0;189;111;629;0;1111;439;719;0
1777818147.1580987;plate;full;1127;45;1121;0;327;57;427;0;493;192;968;0;405;1509;105;0
1777818154.199333;plate;full;1016;0;793;0;378;18;145;0;887;139;1002;0;117;1975;181;0
1777818159.7482812;plate;full;117;495;0;53;589;180;9;971;1209;355;102;601;49;912;1013;48
1777818210.145084;plate;full;137;527;0;57;587;169;1;974;1241;337;99;604;47;968;1027;49
1777818218.2432163;plate;full;379;468;0;725;92;215;15;1426;9;521;137;540;0;637;147;45
1777818222.7511244;plate;full;0;852;0;91;0;121;0;1020;0;224;0;1213;0;1299;0;72
1777818228.3138952;plate;full;830;139;335;0;603;64;135;0;1029;200;1453;0;115;1991;204;0
1777818232.8220446;plate;full;67;940;1168;0;480;121;144;53;1073;141;169;89;145;600;1015;8
1777818237.8815212;plate;full;131;1768;295;0;244;157;68;0;320;67;93;0;1333;278;1225;0
1777818255.531389;plate;full;0;951;8;48;121;109;25;1075;1453;108;151;1083;73;827;1659;55
1777818269.1465414;plate;full;345;303;160;28;754;126;45;887;835;159;98;491;99;1249;1201;33
1777818291.820066;plate;full;37;17;678;28;723;75;85;536;1692;226;115;692;121;654;1284;41
1777818296.839819;plate;full;1317;49;46;537;358;63;169;183;874;259;1091;12;43;1587;423;0
1777818314.9969215;plate;full;4;1165;141;83;73;93;176;789;664;117;443;1525;27;797;985;116
1777818339.7028315;plate;full;1388;55;69;0;323;75;167;0;936;344;1075;0;47;1521;177;0
1777818345.7260656;plate;full;118;379;26;443;1493;344;127;1799;51;220;731;291;24;760;272;24
1777818356.3216841;plate;full;33;816;1111;8;101;163;143;209;1933;187;231;799;151;727;1209;48
1777818374.464479;plate;full;21;1653;53;0;48;217;59;0;390;123;198;0;1688;323;1781;0
1777818390.6145568;plate;full;83;865;1036;0;971;208;212;99;595;146;179;378;749;535;368;22
1777818412.7703853;plate;full;41;33;472;41;341;61;88;730;2023;211;216;662;164;1560;1672;42
1777818418.3122432;plate;full;667;9;68;0;228;49;267;0;1456;187;1440;0;149;2029;192;0
1777818425.3564358;plate;full;1675;25;24;635;697;103;99;593;69;429;1329;153;0;612;214;0
1777818430.8976893;plate;full;0;216;12;307;136;56;35;1750;0;162;112;435;0;1831;1575;57
1777818442.4912608;plate;full;793;39;43;0;424;71;105;0;1329;420;1881;0;39;448;69;0
1777818454.0878804;plate;full;33;457;379;1;294;160;57;119;1874;229;136;377;159;907;1719;76
1777818461.147712;plate;full;0;251;4;214;0;56;23;1448;0;165;103;779;0;1893;1588;95
1777818591.687781;plate;full;0;247;0;227;83;69;9;1513;544;160;83;755;41;2007;1717;80
1777818598.2601755;plate;full;1203;337;1072;0;223;95;371;0;874;147;656;0;157;1667;199;0
1777818605.8024302;plate;full;240;25;836;482;367;28;161;341;1687;155;319;11;125;785;837;0
1777818619.920624;plate;full;1561;33;17;71;481;105;90;1057;219;536;1762;295;0;79;59;5
1777818634.5412502;plate;full;360;71;35;717;72;140;89;1416;16;1457;1528;361;0;19;38;10
1777818650.653877;plate;full;41;733;679;72;675;91;79;1213;487;122;111;956;24;1243;1319;36
1777818661.2300727;plate;full;908;235;43;0;555;100;111;0;704;289;1707;0;104;1568;124;0
1777818668.8085787;plate;full;772;1047;1091;0;155;137;447;0;281;138;176;0;969;474;337;0
1777818687.968309;plate;full;0;821;0;81;0;136;0;935;0;247;0;1271;0;1319;9;100
1777818696.0223198;plate;full;31;1152;1081;45;451;203;199;172;611;253;373;1939;39;573;467;361
1777818805.8828282;plate;full;1147;0;568;0;179;9;139;0;816;105;1155;0;125;1905;169;0
1777818820.4880538;plate;full;71;708;558;95;847;155;283;1395;583;267;301;911;41;1200;1256;67
1777818825.5375614;plate;full;77;348;155;304;1067;176;187;2005;58;311;277;343;0;1233;251;49
1777818836.1488829;plate;full;1459;25;115;17;533;68;323;489;355;297;1106;151;31;1515;225;0
1777818902.6711981;plate;full;73;1273;868;0;927;160;209;0;1371;111;261;0;160;403;1077;0
1777818909.2007859;plate;full;1244;76;1485;0;475;125;215;0;601;241;694;0;99;1699;107;0
1777818941.4511518;plate;full;370;1209;525;37;352;131;113;645;380;90;164;1704;49;677;1162;91
1777818978.2469504;plate;full;1179;30;829;28;297;35;207;539;1159;173;579;0;91;1654;173;0
1777818987.829935;plate;full;81;969;779;0;731;153;137;0;1573;167;347;0;117;357;1088;0
1777819017.5742123;plate;full;674;16;217;0;675;73;155;0;1180;280;1735;0;96;1745;95;0
1777819048.8280094;plate;full;920;332;221;43;265;85;100;611;1280;189;585;585;101;1529;256;59
1777819055.3668032;plate;full;59;1283;1161;145;325;160;209;1143;1911;102;261;505;197;233;553;10
1777819075.5187173;plate;full;57;1215;1463;26;476;185;183;152;1844;159;87;905;179;557;533;572
1777819118.3845735;plate;full;220;811;1139;0;320;91;104;4;1555;108;144;133;160;567;1192;0
1777819126.4460566;plate;full;347;687;563;86;877;108;323;1236;87;135;285;1179;25;1255;1168;64
1777819130.9719732;plate;full;339;696;547;83;889;125;315;1224;88;131;283;1196;16;1232;1187;67
1777819143.554102;plate;full;985;147;1444;0;209;102;313;0;427;189;703;0;357;1559;81;0
1777819148.1279268;plate;full;409;1216;101;0;228;119;928;0;80;75;1061;0;1393;396;167;0
1777819151.6198313;plate;full;1235;928;1275;0;272;163;289;0;204;118;285;0;363;315;755;0
1777819155.6848114;plate;full;246;668;977;95;389;137;112;927;1866;192;85;28;128;1123;145;0
1777819160.2169464;plate;full;189;857;288;60;545;265;140;938;1272;256;210;123;128;352;1723;0
1777819165.7637146;plate;full;4;1448;753;22;199;165;262;563;775;91;147;1887;37;567;1044;92
1777819174.3011096;plate;full;121;1576;1115;0;368;153;163;101;519;95;91;363;1126;483;1000;31
1777819235.7871673;plate;full;10;327;779;0;106;88;100;0;1736;155;185;136;183;784;1528;0
1777819239.3488226;plate;full;26;396;19;217;601;88;59;1352;46;147;153;951;0;1235;1399;95
1777819242.352881;plate;full;1385;49;238;89;240;101;137;327;907;377;965;185;31;1449;153;9
1777819247.4186158;plate;full;745;13;854;0;287;18;253;0;829;156;1139;0;109;1845;136;0
1777819269.57896;plate;full;25;45;1091;0;299;33;116;79;1561;112;185;243;157;880;1284;10
1777819310.8918333;plate;full;58;344;22;103;888;165;53;1720;53;311;177;573;0;1028;1640;31
1777819347.6933503;plate;full;92;176;35;25;101;116;99;813;3155;399;1304;16;53;1403;131;0
1777819371.3782651;plate;full;1515;16;168;965;736;118;303;76;105;784;1811;6;0;329;36;0
1777819385.0059998;plate;full;114;139;2;1304;1905;61;51;433;317;187;499;59;22;2025;179;0
1777819398.593448;plate;full;95;169;153;176;1326;147;59;1893;502;198;96;458;79;1525;2081;24
1777819412.6995103;plate;full;1209;307;199;928;199;216;152;247;1011;461;1351;43;42;958;197;0
1777819462.5959053;plate;full;75;779;391;25;967;107;213;896;173;142;345;1183;8;1081;1369;63
1777819473.189452;plate;full;18;407;587;0;100;76;68;0;1991;123;156;0;151;986;1673;0
1777819501.9065425;plate;full;1348;16;627;0;192;55;153;0;759;152;824;0;73;1992;168;0
1777819542.2552269;plate;full;121;265;9;55;1489;120;23;1032;148;236;151;739;19;1099;1913;24
1777819556.3407006;plate;full;25;80;759;0;108;56;119;241;3201;280;253;0;71;1262;1091;0
1777819569.9420557;plate;full;21;206;1;122;615;115;40;1781;28;235;167;521;0;1989;1431;45
1777819578.0100982;plate;full;0;649;17;87;310;75;16;1168;20;108;123;1297;0;1615;1136;101
1777819599.2014523;plate;full;6;855;1109;0;84;145;129;17;931;97;111;707;160;653;1365;15
1777819622.3698025;plate;full;528;303;935;0;716;117;199;0;919;208;1057;26;173;1633;165;0
1777819637.5080929;plate;full;503;362;88;122;807;135;77;1827;73;235;227;612;0;1314;1491;39
1777819644.5523686;plate;full;185;2;97;128;462;33;225;638;1440;225;579;567;72;1675;209;53
1777819716.6354828;plate;full;0;1069;133;121;0;179;107;1765;0;128;253;620;0;1056;969;101
1777819733.7664735;plate;full;72;1301;1012;53;491;178;232;865;1536;159;133;598;169;405;773;597
1777819750.41011;plate;full;95;1147;1333;4;1193;177;202;134;1097;151;236;711;175;376;603;714
1777819810.356522;plate;full;1152;87;535;2;416;44;125;115;701;107;396;521;101;1076;1127;55
1777819860.75751;plate;full;240;857;215;31;715;121;119;877;635;145;369;1453;48;906;1373;71
1777819881.4463387;plate;full;441;59;225;650;808;61;109;304;377;167;467;541;55;1616;925;22
1777819891.0145001;plate;full;16;1171;95;98;112;184;136;1479;559;187;213;881;55;974;1107;100
1777819899.5657022;plate;full;1159;10;197;33;169;8;111;749;1091;179;1159;8;85;2115;365;0
1777819982.7518563;plate;full;393;376;291;55;787;119;95;649;1087;267;301;716;55;1057;1513;65
1777819992.3188508;plate;full;345;0;309;545;1235;6;248;1856;81;55;688;315;9;311;199;9
1777820104.2058153;plate;full;140;25;117;164;1491;53;53;342;493;175;120;853;69;1318;1880;39
1777820110.2340388;plate;full;73;1132;1315;41;295;169;159;690;1933;217;89;423;187;579;664;616
1777820114.2841368;plate;full;3;1223;839;15;66;138;285;269;839;124;242;1885;47;649;957;101
1777820117.321537;plate;full;10;599;208;119;148;116;69;1847;672;171;97;587;45;1455;1659;61
1777820120.840261;plate;full;494;217;563;45;211;103;101;773;1709;227;18;199;89;1491;0;16
